epoch;cosine_similarity;loss;root_mean_squared_error
0;0.45136216282844543;1.7911187410354614;1.3383266925811768
1;0.8065803647041321;0.1923423409461975;0.43856850266456604
2;0.8515907526016235;0.11109889298677444;0.33331501483917236
3;0.9074689745903015;0.08548950403928757;0.29238587617874146
4;0.916768491268158;0.06888332217931747;0.2624562978744507
5;0.9442836046218872;0.048353590071201324;0.21989449858665466
6;0.9538257122039795;0.04349728301167488;0.2085600048303604
7;0.9546399712562561;0.04278042912483215;0.20683430135250092
8;0.9557799100875854;0.03937859088182449;0.19844040274620056
9;0.9540563821792603;0.04040735214948654;0.20101580023765564
10;0.9650135636329651;0.03046373650431633;0.17453862726688385
11;0.9662832021713257;0.030272619798779488;0.17399029433727264
12;0.9665000438690186;0.030623288825154305;0.17499509453773499
13;0.9619234800338745;0.03270871192216873;0.18085549771785736
14;0.9736618399620056;0.027895372360944748;0.1670190840959549
15;0.9715332984924316;0.02297748439013958;0.15158326923847198
16;0.9714285731315613;0.028214722871780396;0.1679724007844925
17;0.9783785343170166;0.020526248961687088;0.1432698518037796
18;0.9724564552307129;0.022912349551916122;0.15136826038360596
19;0.9732007384300232;0.023316722363233566;0.15269814431667328
20;0.9732312560081482;0.023519456386566162;0.1533605456352234
21;0.97822105884552;0.01986791007220745;0.14095357060432434
22;0.9746116399765015;0.02016126550734043;0.14199036359786987
23;0.976290762424469;0.020155366510152817;0.14196960628032684
24;0.9798555970191956;0.02001328393816948;0.14146831631660461
25;0.9793744087219238;0.018546782433986664;0.13618656992912292
26;0.9811635613441467;0.017100706696510315;0.13076967000961304
27;0.9805158376693726;0.016845693811774254;0.12979096174240112
28;0.9810075759887695;0.015988482162356377;0.12644557654857635
29;0.9828400015830994;0.01474723406136036;0.12143819779157639
30;0.9821956157684326;0.015281988307833672;0.12362033128738403
31;0.9820943474769592;0.014581319876015186;0.12075313180685043
32;0.9807863235473633;0.015618724748492241;0.12497489154338837
33;0.9824103116989136;0.015271158888936043;0.12357652932405472
34;0.9826198816299438;0.014568283222615719;0.12069913744926453
35;0.9843346476554871;0.013529457151889801;0.11631619185209274
36;0.9838281273841858;0.013834311626851559;0.1176193505525589
37;0.9827752113342285;0.013804120942950249;0.11749093234539032
38;0.981840193271637;0.01468153391033411;0.1211673840880394
39;0.9811130166053772;0.014906118623912334;0.12209062278270721
40;0.984128475189209;0.013282009400427341;0.11524759232997894
41;0.9854090809822083;0.012504634447395802;0.11182412505149841
42;0.9836512804031372;0.01315983571112156;0.11471632868051529
43;0.9836270809173584;0.013272170908749104;0.11520490050315857
44;0.984121561050415;0.0129631869494915;0.1138559877872467
45;0.9859470129013062;0.01251180563122034;0.11185617744922638
46;0.9840431809425354;0.012697751633822918;0.11268430203199387
47;0.9853351712226868;0.011933645233511925;0.10924122482538223
48;0.9839387536048889;0.012846586294472218;0.11334278434515
49;0.9840425252914429;0.012478802353143692;0.11170855164527893
50;0.9849446415901184;0.012524251826107502;0.11191180348396301
51;0.9855878949165344;0.011526818387210369;0.1073630154132843
52;0.9841923117637634;0.012577584013342857;0.11214982718229294
53;0.9835761785507202;0.012938758358359337;0.11374866217374802
54;0.9853346347808838;0.011883866973221302;0.1090131402015686
55;0.9853832721710205;0.012155323289334774;0.11025118082761765
56;0.9844958782196045;0.012164299376308918;0.11029188334941864
57;0.9865511655807495;0.011165258474647999;0.10566578805446625
58;0.9865509271621704;0.010972343385219574;0.10474894940853119
59;0.9855087399482727;0.011597142554819584;0.10769002884626389
60;0.986115038394928;0.01113887969404459;0.10554088652133942
61;0.9853905439376831;0.011361843906342983;0.10659194737672806
62;0.9866867065429688;0.01083462219685316;0.10408949106931686
63;0.9862601161003113;0.010904839262366295;0.10442622750997543
64;0.9875476360321045;0.010265260003507137;0.1013176217675209
65;0.9850313663482666;0.011866999790072441;0.10893575102090836
66;0.9874064922332764;0.010508325882256031;0.10251013189554214
67;0.9870340824127197;0.01045703049749136;0.10225962102413177
68;0.9871430993080139;0.010289923287928104;0.10143924504518509
69;0.9871823191642761;0.010545705445110798;0.10269227623939514
70;0.9876746535301208;0.010283568874001503;0.10140793025493622
71;0.9865415096282959;0.010948224924504757;0.10463377088308334
72;0.9870505928993225;0.01063141692429781;0.10310876369476318
73;0.9861546754837036;0.011160391382873058;0.10564275830984116
74;0.9863744974136353;0.011040219105780125;0.10507244616746902
75;0.9873552322387695;0.010807130485773087;0.10395734757184982
76;0.9870645999908447;0.010799145326018333;0.10391892492771149
77;0.9867045879364014;0.010510114021599293;0.10251884907484055
78;0.9872345328330994;0.010070455260574818;0.10035166144371033
79;0.9875680804252625;0.01029216405004263;0.10145030170679092
80;0.986074686050415;0.011303629726171494;0.10631852596998215
81;0.9873582124710083;0.010216278955340385;0.10107561200857162
82;0.9858789443969727;0.011421170085668564;0.10686986893415451
83;0.9865496754646301;0.010953038930892944;0.10465676337480545
84;0.986624002456665;0.010577378794550896;0.10284638404846191
85;0.9865353107452393;0.010571418330073357;0.10281740874052048
86;0.9875085949897766;0.009968187659978867;0.09984081238508224
87;0.9868309497833252;0.01076787430793047;0.10376837104558945
88;0.9863172173500061;0.011117345653474331;0.10543881356716156
89;0.9857835173606873;0.01137226726859808;0.10664082318544388
90;0.987062394618988;0.010679883882403374;0.10334353148937225
91;0.988308846950531;0.009797598235309124;0.09898281842470169
92;0.9882510304450989;0.009902517311275005;0.09951138496398926
93;0.9863848686218262;0.010745182633399963;0.10365897417068481
94;0.9869251847267151;0.010311862453818321;0.10154733806848526
95;0.9872004985809326;0.010173732414841652;0.10086491703987122
96;0.9871318340301514;0.010123302228748798;0.10061461478471756
97;0.9873149394989014;0.01019150111824274;0.10095296055078506
98;0.9882551431655884;0.010043475776910782;0.10021714866161346
99;0.9849135279655457;0.011252198368310928;0.10607637465000153
100;0.9867216348648071;0.010523599572479725;0.1025845929980278
101;0.9860058426856995;0.01080783549696207;0.10396074503660202
102;0.9872503876686096;0.010060845874249935;0.1003037616610527
103;0.9871061444282532;0.01006616186350584;0.10033025592565536
104;0.98667311668396;0.010630694217979908;0.10310525447130203
105;0.9856142401695251;0.010941393673419952;0.10460111498832703
106;0.9852255582809448;0.011328303255140781;0.10643450170755386
107;0.9871952533721924;0.010170139372348785;0.10084711015224457
108;0.9879029393196106;0.009762412868440151;0.09880492091178894
109;0.9880800247192383;0.00937423575669527;0.0968206375837326
110;0.9886375069618225;0.009290260262787342;0.09638599306344986
111;0.988461434841156;0.009363753721117973;0.09676649421453476
112;0.9857212901115417;0.010591170750558376;0.10291341692209244
113;0.9840995669364929;0.012206358835101128;0.11048239469528198
114;0.9867390990257263;0.010590844787657261;0.10291182994842529
115;0.9870020747184753;0.010292768478393555;0.1014532744884491
116;0.9881727695465088;0.009366834536194801;0.09678240120410919
117;0.9883542656898499;0.009239718317985535;0.09612345695495605
118;0.9867334365844727;0.010080943815410137;0.10040390491485596
119;0.985098659992218;0.011655773967504501;0.10796190798282623
120;0.9862154722213745;0.011836734600365162;0.10879676043987274
121;0.9885963797569275;0.010064191184937954;0.10032044351100922
122;0.9873862862586975;0.010039698332548141;0.10019829124212265
123;0.9878904223442078;0.009881618432700634;0.09940632432699203
124;0.9887387156486511;0.008990969508886337;0.09482072293758392
125;0.9888491034507751;0.009080667048692703;0.09529253095388412
126;0.9871501922607422;0.01013980247080326;0.10069658607244492
127;0.9875659346580505;0.009816690348088741;0.09907921403646469
128;0.9891318678855896;0.009085830301046371;0.09531961381435394
129;0.9876288175582886;0.009762939997017384;0.09880758821964264
130;0.9885778427124023;0.009098703972995281;0.09538712352514267
131;0.9888632297515869;0.009192303754389286;0.09587650001049042
132;0.9890516996383667;0.008934752084314823;0.09452381730079651
133;0.9883986115455627;0.009274017997086048;0.09630170464515686
134;0.9893259406089783;0.008680594153702259;0.09316970407962799
135;0.9877358675003052;0.009598909877240658;0.0979740247130394
136;0.9883877038955688;0.009265188127756119;0.09625585377216339
137;0.9884171485900879;0.009274306707084179;0.09630319476127625
138;0.986997663974762;0.009971902705729008;0.09985941648483276
139;0.9880162477493286;0.009487207978963852;0.09740229696035385
140;0.9883304834365845;0.009301560930907726;0.09644459187984467
141;0.9882237315177917;0.009294289164245129;0.09640687704086304
142;0.9892324209213257;0.008573119528591633;0.09259114414453506
143;0.989561915397644;0.008570931851863861;0.09257932752370834
144;0.9889734983444214;0.009312369860708714;0.09650062024593353
145;0.988699197769165;0.009219503030180931;0.0960182473063469
146;0.9880775809288025;0.009377495385706425;0.09683746844530106
147;0.9884634017944336;0.009041008539497852;0.09508420526981354
148;0.9875062108039856;0.009948919527232647;0.0997442677617073
149;0.9887800216674805;0.008934314362704754;0.09452150762081146
150;0.9894955158233643;0.008518991060554981;0.09229838848114014
151;0.9876673817634583;0.00980581995099783;0.09902434051036835
152;0.9893366098403931;0.008989410474896431;0.09481249749660492
153;0.9893283843994141;0.008695702068507671;0.09325074404478073
154;0.9898898005485535;0.00836015585809946;0.09143389016389847
155;0.9883443117141724;0.009157435968518257;0.09569449722766876
156;0.9898020029067993;0.008236688561737537;0.09075620025396347
157;0.9888690114021301;0.009057695977389812;0.09517192840576172
158;0.9890139698982239;0.00896238163113594;0.09466985613107681
159;0.9876386523246765;0.009805207140743732;0.09902124106884003
160;0.988547682762146;0.00929043535143137;0.09638689458370209
161;0.988741934299469;0.008985936641693115;0.09479419142007828
162;0.9885881543159485;0.00884544849395752;0.09405024349689484
163;0.9900580048561096;0.008318520151078701;0.09120591729879379
164;0.9888057112693787;0.009031953290104866;0.0950365886092186
165;0.9887694120407104;0.008935008198022842;0.09452517330646515
166;0.989127516746521;0.00878028105944395;0.09370315074920654
167;0.9893314838409424;0.008552893996238708;0.09248185157775879
168;0.9879259467124939;0.009298749268054962;0.09643001854419708
169;0.988380491733551;0.008966546505689621;0.09469185769557953
170;0.9898266196250916;0.008401241153478622;0.09165828675031662
171;0.9898802638053894;0.008271821774542332;0.09094955772161484
172;0.9895519614219666;0.008251652121543884;0.09083861112594604
173;0.9888880848884583;0.008705571293830872;0.09330365061759949
174;0.9890786409378052;0.00864982046186924;0.09300442039966583
175;0.9884940385818481;0.009312966838479042;0.09650371223688126
176;0.990501880645752;0.007834283635020256;0.08851148188114166
177;0.9894713163375854;0.008372665382921696;0.09150227159261703
178;0.9905560612678528;0.007659997325390577;0.08752141147851944
179;0.9898831844329834;0.00829722173511982;0.09108908474445343
180;0.9894680976867676;0.00849140528589487;0.09214881807565689
181;0.9893428087234497;0.008374625816941261;0.09151298552751541
182;0.9899287819862366;0.008029269985854626;0.08960619568824768
183;0.9895885586738586;0.008512423373758793;0.09226279705762863
184;0.9900447130203247;0.00812213309109211;0.09012287855148315
185;0.9903717637062073;0.007978226989507675;0.08932092785835266
186;0.989311158657074;0.00826073344796896;0.09088858217000961
187;0.9910178780555725;0.007903275080025196;0.0889003723859787
188;0.9907269477844238;0.007767378818243742;0.08813272416591644
189;0.9889039397239685;0.008813509717583656;0.09388028830289841
190;0.990264356136322;0.008020482957363129;0.08955714106559753
191;0.988860011100769;0.008762408047914505;0.09360773116350174
192;0.9896244406700134;0.008259166963398457;0.09087996184825897
193;0.9896026253700256;0.008510327897965908;0.09225143492221832
194;0.9900979399681091;0.008127630688250065;0.09015337377786636
195;0.990581750869751;0.00803410541266203;0.08963317424058914
196;0.9889910817146301;0.009012850932776928;0.09493603557348251
197;0.9896595478057861;0.00870940089225769;0.09332417696714401
198;0.990569531917572;0.008048100396990776;0.08971121162176132
199;0.9902025461196899;0.008096746169030666;0.08998192101716995
200;0.9907792806625366;0.0077520208433270454;0.08804555982351303
201;0.9904780983924866;0.007840844802558422;0.08854854106903076
202;0.9902637004852295;0.007932652719318867;0.08906543999910355
203;0.989492654800415;0.008310467004776001;0.09116175770759583
204;0.9909560680389404;0.00748259574174881;0.08650200068950653
205;0.9906027317047119;0.007675030268728733;0.0876072496175766
206;0.9893122315406799;0.008198292925953865;0.09054441004991531
207;0.9900394082069397;0.007937808521091938;0.0890943706035614
208;0.9900034070014954;0.008170435205101967;0.09039045870304108
209;0.9896144866943359;0.008275740779936314;0.09097109735012054
210;0.9915334582328796;0.007146499585360289;0.08453696966171265
211;0.9913761615753174;0.007089952006936073;0.08420184999704361
212;0.9912621378898621;0.00725411856546998;0.08517111092805862
213;0.9916276931762695;0.006966019980609417;0.0834626778960228
214;0.9918238520622253;0.007106366101652384;0.08429926633834839
215;0.9903139472007751;0.007777761202305555;0.08819161355495453
216;0.9915899038314819;0.006930896081030369;0.08325199782848358
217;0.9905952215194702;0.00766020966693759;0.08752261847257614
218;0.9894493818283081;0.008109452202916145;0.09005249291658401
219;0.9910905957221985;0.007254658732563257;0.08517428487539291
220;0.9907054305076599;0.0074747777543962;0.0864567905664444
221;0.9894854426383972;0.008043985813856125;0.0896882712841034
222;0.989408016204834;0.008135355077683926;0.09019620716571808
223;0.9923114776611328;0.006704562809318304;0.08188139647245407
224;0.9917094111442566;0.00675860745832324;0.08221074193716049
225;0.9909927248954773;0.007235310040414333;0.08506061881780624
226;0.9899446964263916;0.00793407578021288;0.08907343447208405
227;0.9917071461677551;0.007037580478936434;0.08389028161764145
228;0.9906231760978699;0.007892163470387459;0.08883783966302872
229;0.9915100336074829;0.006903167814016342;0.08308529853820801
230;0.9906987547874451;0.007692729588598013;0.08770820498466492
231;0.9918531179428101;0.007004203274846077;0.08369112014770508
232;0.991290807723999;0.00735890818759799;0.08578407764434814
233;0.9898527264595032;0.008046338334679604;0.08970138430595398
234;0.9907050132751465;0.007744027301669121;0.08800014853477478
235;0.9915130138397217;0.00745815597474575;0.0863606184720993
236;0.9905521869659424;0.007805851753801107;0.08835072815418243
237;0.9910165071487427;0.0075091952458024025;0.0866556167602539
238;0.9908939599990845;0.007719029206782579;0.08785800635814667
239;0.9918557405471802;0.006982394959777594;0.08356072008609772
240;0.9921454191207886;0.0065380665473639965;0.08085831254720688
241;0.992179274559021;0.0065568359568715096;0.08097429573535919
242;0.9914300441741943;0.007142906542867422;0.08451572060585022
243;0.9907581210136414;0.007433011662214994;0.08621491491794586
244;0.9913902878761292;0.0069503020495176315;0.08336847275495529
245;0.9916170835494995;0.006940765772014856;0.08331125974655151
246;0.9920088648796082;0.0067132944241166115;0.08193469792604446
247;0.9928696155548096;0.006156777497380972;0.07846513390541077
248;0.992033064365387;0.006676390301436186;0.08170918375253677
249;0.9920050501823425;0.006669311318546534;0.08166585117578506
250;0.9927942156791687;0.006431008689105511;0.08019356429576874
251;0.9919343590736389;0.006849640980362892;0.08276255428791046
252;0.9906750917434692;0.00737921055406332;0.08590233325958252
253;0.9919378757476807;0.006736592389643192;0.08207673579454422
254;0.9913358092308044;0.00700727803632617;0.0837094858288765
255;0.9925206303596497;0.006380152888596058;0.07987585663795471
256;0.992880642414093;0.006307119037955999;0.07941737025976181
257;0.992520272731781;0.0062313079833984375;0.07893862575292587
258;0.9925835728645325;0.006268326658755541;0.0791727602481842
259;0.9934533834457397;0.005677351728081703;0.07534819841384888
260;0.9923251867294312;0.0064053949899971485;0.08003371208906174
261;0.9921911358833313;0.006534861400723457;0.08083847910165787
262;0.9916576743125916;0.006775625050067902;0.08231417834758759
263;0.9920712113380432;0.006708687637001276;0.08190657943487167
264;0.9926360845565796;0.006262604612857103;0.07913661748170853
265;0.993090808391571;0.005958369933068752;0.07719048112630844
266;0.9922059178352356;0.006278586573898792;0.07923753559589386
267;0.9918462634086609;0.006610209587961435;0.0813032016158104
268;0.9929335117340088;0.005885359365493059;0.0767160952091217
269;0.9918546080589294;0.006662513595074415;0.08162422478199005
270;0.9925900101661682;0.006204317323863506;0.07876748591661453
271;0.9933228492736816;0.005779772065579891;0.07602481544017792
272;0.9921528100967407;0.006523838732391596;0.08077028393745422
273;0.9928390979766846;0.005999587010592222;0.0774570032954216
274;0.9925708174705505;0.0061417133547365665;0.07836908847093582
275;0.9921838641166687;0.006428702734410763;0.08017919957637787
276;0.991544783115387;0.0069455960765480995;0.08334024250507355
277;0.9914654493331909;0.006762069184333086;0.0822317972779274
278;0.9928753972053528;0.005983930546790361;0.07735586911439896
279;0.9933872222900391;0.005708437878638506;0.07555420696735382
280;0.9926257729530334;0.0060913278721272945;0.07804695516824722
281;0.9931628704071045;0.005771291442215443;0.07596901059150696
282;0.9921514391899109;0.006214268039911985;0.07883062958717346
283;0.9916419386863708;0.0067676338367164135;0.08226563036441803
284;0.9924836754798889;0.006160059943795204;0.07848604768514633
285;0.9928657412528992;0.005956560838967562;0.07717875391244888
286;0.9922131896018982;0.00620583351701498;0.07877711206674576
287;0.9932630062103271;0.0056959493085742;0.07547150552272797
288;0.9935703277587891;0.00568166421726346;0.07537680864334106
289;0.9922823905944824;0.006368499249219894;0.07980287820100784
290;0.9934343099594116;0.005664031021296978;0.07525976002216339
291;0.9928311705589294;0.005798547063022852;0.07614819705486298
292;0.9925561547279358;0.006174582522362471;0.07857850939035416
293;0.9929853677749634;0.005799193866550922;0.07615244388580322
294;0.9931643009185791;0.005848634988069534;0.07647636532783508
295;0.9931804537773132;0.005731584038585424;0.07570722699165344
296;0.9929463863372803;0.005896500311791897;0.07678867131471634
297;0.9935169816017151;0.005479756742715836;0.07402537763118744
298;0.9935243725776672;0.005521572194993496;0.07430727779865265
299;0.9933099150657654;0.005666412878781557;0.07527558505535126
300;0.9928742051124573;0.005923747550696135;0.07696589082479477
301;0.9934396743774414;0.005566490814089775;0.07460891455411911
302;0.992389976978302;0.006134119350463152;0.07832061499357224
303;0.9932698607444763;0.00572022283449769;0.07563216239213943
304;0.9929501414299011;0.005762262269854546;0.0759095624089241
305;0.9937759041786194;0.005360504146665335;0.07321546226739883
306;0.9938083291053772;0.005204539746046066;0.07214249670505524
307;0.9941205978393555;0.005152177065610886;0.07177866250276566
308;0.9930852651596069;0.0058348956517875195;0.0763864815235138
309;0.9932827949523926;0.005543554667383432;0.07445504516363144
310;0.9924886226654053;0.005950442049652338;0.07713910937309265
311;0.9921606183052063;0.006158644333481789;0.07847702503204346
312;0.9925140738487244;0.005916436202824116;0.07691837847232819
313;0.9934120774269104;0.005374126601964235;0.07330843061208725
314;0.9937804937362671;0.00519897323101759;0.07210390269756317
315;0.9934788942337036;0.005274609662592411;0.0726265087723732
316;0.9924486875534058;0.006027317605912685;0.07763579487800598
317;0.9939201474189758;0.0052779195830225945;0.07264929264783859
318;0.9943377375602722;0.004825944546610117;0.06946901977062225
319;0.9932124614715576;0.005630786996334791;0.07503856718540192
320;0.9936081171035767;0.005287170875817537;0.07271293550729752
321;0.9937694668769836;0.005202812142670155;0.07213052362203598
322;0.9943215847015381;0.0049819000996649265;0.07058257609605789
323;0.99400794506073;0.00497286394238472;0.07051853835582733
324;0.9939759373664856;0.005053035914897919;0.07108471542596817
325;0.993511438369751;0.005366441328078508;0.0732560008764267
326;0.9938130974769592;0.005192866548895836;0.07206153869628906
327;0.9943034648895264;0.004744958598166704;0.06888365745544434
328;0.9943256378173828;0.004762225318700075;0.06900887936353683
329;0.9934863448143005;0.00539891654625535;0.07347732037305832
330;0.9946447610855103;0.004769074264913797;0.06905847787857056
331;0.9935985803604126;0.005233637988567352;0.07234388589859009
332;0.9943198561668396;0.004853248130530119;0.06966525316238403
333;0.9930617213249207;0.005594958551228046;0.07479945570230484
334;0.9929512143135071;0.005653075873851776;0.07518693804740906
335;0.9942286610603333;0.004957710858434439;0.07041101157665253
336;0.994149923324585;0.004895409569144249;0.06996720284223557
337;0.9937412142753601;0.0051196846179664135;0.07155197113752365
338;0.9941551089286804;0.005009805783629417;0.07077997922897339
339;0.9932687878608704;0.005364219658076763;0.07324083149433136
340;0.9933189153671265;0.00538316136226058;0.07337002456188202
341;0.9940352439880371;0.004914538003504276;0.07010376453399658
342;0.9943259954452515;0.004874700680375099;0.06981905549764633
343;0.9936570525169373;0.005140090361237526;0.07169441878795624
344;0.9937931299209595;0.005140499211847782;0.07169727236032486
345;0.9948359131813049;0.004555900581181049;0.06749740988016129
346;0.9942183494567871;0.004782447591423988;0.0691552460193634
347;0.9940173625946045;0.004863477777689695;0.06973864138126373
348;0.9946837425231934;0.004662031773477793;0.06827907264232635
349;0.9942613840103149;0.004780355375260115;0.06914011389017105
350;0.994579017162323;0.004729209002107382;0.06876923888921738
351;0.9944754838943481;0.004597162362188101;0.06780237704515457
352;0.9949273467063904;0.00445325393229723;0.06673270463943481
353;0.9945813417434692;0.004598396364599466;0.06781147420406342
354;0.9946373701095581;0.0045338403433561325;0.06733380258083344
355;0.9953375458717346;0.004278131760656834;0.06540742516517639
356;0.9947273135185242;0.004624223802238703;0.0680016428232193
357;0.9950096607208252;0.004320063628256321;0.06572718918323517
358;0.9944099187850952;0.004724494647234678;0.06873495876789093
359;0.9938768744468689;0.004907648079097271;0.07005460560321808
360;0.9943586587905884;0.004772825166583061;0.06908563524484634
361;0.993826687335968;0.004973176866769791;0.07052075117826462
362;0.9948284029960632;0.00444246269762516;0.06665179878473282
363;0.9945729970932007;0.004534763749688864;0.06734064966440201
364;0.9946293234825134;0.004704520106315613;0.06858950108289719
365;0.9948340654373169;0.004590964876115322;0.06775665283203125
366;0.9942679405212402;0.004725846461951733;0.06874480098485947
367;0.9936949610710144;0.0052226814441382885;0.07226812094449997
368;0.9935649633407593;0.005114383529871702;0.07151491194963455
369;0.9944690465927124;0.004603808745741844;0.06785137206315994
370;0.9941262602806091;0.004779697861522436;0.06913535296916962
371;0.9952208399772644;0.004040652886033058;0.06356612592935562
372;0.9947261214256287;0.004468601197004318;0.06684760004281998
373;0.9943921566009521;0.004495066590607166;0.06704525649547577
374;0.9942142963409424;0.0046956357546150684;0.06852470338344574
375;0.9950811266899109;0.004222705960273743;0.0649823471903801
376;0.9947493672370911;0.004388860426843166;0.06624847650527954
377;0.9945595264434814;0.004574427381157875;0.06763451546430588
378;0.9951789975166321;0.004106580745428801;0.06408260762691498
379;0.995298445224762;0.004178836476057768;0.06464391946792603
380;0.9953603744506836;0.004132009577006102;0.06428070366382599
381;0.9953739643096924;0.004008163698017597;0.06331005692481995
382;0.9955320954322815;0.003921284340322018;0.06262015551328659
383;0.9951877593994141;0.004064707085490227;0.06375505775213242
384;0.9954301714897156;0.003982486668974161;0.0631069466471672
385;0.9950559139251709;0.004014137666672468;0.06335721909999847
386;0.9951528310775757;0.004064689390361309;0.06375490874052048
387;0.9950850605964661;0.004075595177710056;0.06384038925170898
388;0.9952179193496704;0.0042601460590958595;0.06526979804039001
389;0.9951825141906738;0.004046754911541939;0.06361410021781921
390;0.9950407147407532;0.004113012924790382;0.06413277983665466
391;0.9950448870658875;0.004099732730537653;0.06402914971113205
392;0.994313657283783;0.004569996148347855;0.06760174036026001
393;0.9939512014389038;0.004825809504836798;0.06946804374456406
394;0.9939013123512268;0.004807185381650925;0.06933385878801346
395;0.9950502514839172;0.004155102651566267;0.06446008384227753
396;0.9955468773841858;0.003808622946962714;0.061714041978120804
397;0.9957842826843262;0.003659252543002367;0.06049175187945366
398;0.9952770471572876;0.003955468535423279;0.06289251893758774
399;0.9953926801681519;0.0038405773229897022;0.06197239086031914
400;0.9956105947494507;0.0037046202924102545;0.06086559221148491
401;0.9952827095985413;0.00396766047924757;0.06298936903476715
402;0.9956084489822388;0.003700145985931158;0.06082882359623909
403;0.9955123066902161;0.003905633231624961;0.062495071440935135
404;0.9954056739807129;0.003844048362225294;0.062000393867492676
405;0.9959326982498169;0.003546705935150385;0.05955422297120094
406;0.9955036640167236;0.0038700741715729237;0.06220991909503937
407;0.9954468607902527;0.0038341698236763477;0.06192067638039589
408;0.9952317476272583;0.003928341902792454;0.06267648935317993
409;0.9957770109176636;0.0036290704738348722;0.060241762548685074
410;0.9958527088165283;0.003533948678523302;0.0594470240175724
411;0.9956271052360535;0.0036806000862270594;0.06066794693470001
412;0.9959778785705566;0.0033994941040873528;0.05830518156290054
413;0.9955713152885437;0.003847467014566064;0.0620279535651207
414;0.9960340857505798;0.0034281115513294935;0.05855007469654083
415;0.99579918384552;0.0036536436527967453;0.06044537574052811
416;0.9956003427505493;0.0036957573611289263;0.06079273670911789
417;0.9951726794242859;0.0039568315260112286;0.06290335208177567
418;0.9958349466323853;0.003663766896352172;0.06052905693650246
419;0.9946789145469666;0.0042550694197416306;0.06523089110851288
420;0.9951013326644897;0.003983078058809042;0.06311163306236267
421;0.9952945113182068;0.0038455198518931866;0.06201225519180298
422;0.9957107305526733;0.0036961976438760757;0.060796357691287994
423;0.995330810546875;0.003862699493765831;0.06215061992406845
424;0.9956337213516235;0.0035550615284591913;0.059624336659908295
425;0.9953181743621826;0.0038604724686592817;0.06213269755244255
426;0.9956745505332947;0.003577649826183915;0.05981346219778061
427;0.9957154393196106;0.0036264751106500626;0.06022022292017937
428;0.995481014251709;0.0036817234940826893;0.06067720428109169
429;0.9956966042518616;0.003483349923044443;0.05901990830898285
430;0.9948628544807434;0.004086270462721586;0.06392394006252289
431;0.9954778552055359;0.003788652829825878;0.06155203655362129
432;0.9958027005195618;0.003654102561995387;0.06044917181134224
433;0.9952744841575623;0.00383695587515831;0.061943165957927704
434;0.9960489869117737;0.0033486601896584034;0.05786760523915291
435;0.9959596991539001;0.0035435559693723917;0.05952777341008186
436;0.9958930015563965;0.0034799163695424795;0.05899081379175186
437;0.9958481192588806;0.0034440113231539726;0.05868569761514664
438;0.9960991144180298;0.0033696952741593122;0.058049075305461884
439;0.9953016042709351;0.003800684818997979;0.06164969503879547
440;0.9962074756622314;0.0032683671452105045;0.057169634848833084
441;0.9962548017501831;0.003325015539303422;0.05766294524073601
442;0.9959853887557983;0.003399444278329611;0.05830475315451622
443;0.995512843132019;0.0036428063176572323;0.06035566329956055
444;0.995708167552948;0.0036024502478539944;0.060020413249731064
445;0.995638370513916;0.00365810445509851;0.060482271015644073
446;0.9959452152252197;0.0034342717844992876;0.05860265716910362
447;0.9961288571357727;0.003425374161452055;0.058526694774627686
448;0.9961448311805725;0.003250578185543418;0.05701384320855141
449;0.9960333704948425;0.0032670532818883657;0.05715814232826233
450;0.9963400363922119;0.003162909531965852;0.05623974651098251
451;0.9960036873817444;0.0033417576923966408;0.05780794098973274
452;0.9961241483688354;0.0033657895401120186;0.05801542475819588
453;0.9960607886314392;0.0033416845835745335;0.057807303965091705
454;0.9957864284515381;0.0035167939495295286;0.05930255725979805
455;0.9957672357559204;0.00343908928334713;0.05864374712109566
456;0.9962790012359619;0.0032195316161960363;0.05674091726541519
457;0.9955417513847351;0.0036013671196997166;0.06001139432191849
458;0.9958944916725159;0.0035154593642801046;0.05929131060838699
459;0.996092677116394;0.003265373408794403;0.0571434460580349
460;0.9959565997123718;0.0033836886286735535;0.05816948041319847
461;0.995724618434906;0.0033980649895966053;0.058292921632528305
462;0.9954195618629456;0.0036285766400396824;0.060237664729356766
463;0.9958735704421997;0.0033249682746827602;0.057662539184093475
464;0.9963385462760925;0.0031926878727972507;0.05650387331843376
465;0.9962318539619446;0.003139848355203867;0.056034352630376816
466;0.9957706928253174;0.003355736145749688;0.05792871490120888
467;0.9959495067596436;0.00325643178075552;0.05706515163183212
468;0.996268093585968;0.0031350916251540184;0.05599188432097435
469;0.9962521195411682;0.0032642679288983345;0.05713377147912979
470;0.9963393807411194;0.0031458833254873753;0.0560881681740284
471;0.9957744479179382;0.003467259928584099;0.058883439749479294
472;0.9956057667732239;0.003447289578616619;0.05871362239122391
473;0.996062695980072;0.003318343311548233;0.057605061680078506
474;0.9960566759109497;0.0032820231281220913;0.057288944721221924
475;0.9964176416397095;0.0031158195342868567;0.05581952631473541
476;0.9963197708129883;0.0031695717480033636;0.05629894509911537
477;0.9962893724441528;0.0030783696565777063;0.05548305809497833
478;0.9960554242134094;0.0032703327015042305;0.05718682333827019
479;0.9965246319770813;0.0029437162447720766;0.054256025701761246
480;0.9960958957672119;0.0032882988452911377;0.05734368786215782
481;0.9957680106163025;0.00332899228669703;0.057697419077157974
482;0.996300220489502;0.0031131713185459375;0.05579579994082451
483;0.996357262134552;0.003010149346664548;0.054864827543497086
484;0.995573103427887;0.0035990907344967127;0.05999242141842842
485;0.9952505826950073;0.0036703278310596943;0.06058323010802269
486;0.996071457862854;0.003253386588767171;0.05703846737742424
487;0.9965866208076477;0.00288125267252326;0.05367730185389519
488;0.9962761998176575;0.003144781570881605;0.05607834830880165
489;0.9962866902351379;0.003088549943640828;0.055574726313352585
490;0.9963849186897278;0.0030186809599399567;0.054942525923252106
491;0.9962071180343628;0.003044336335733533;0.055175505578517914
492;0.996522068977356;0.0029842390213161707;0.05462818592786789
493;0.9963657259941101;0.003131624311208725;0.055960919708013535
494;0.996146559715271;0.003175423014909029;0.05635089427232742
495;0.9960503578186035;0.003188061062246561;0.05646291747689247
496;0.9953759908676147;0.0036773986648768187;0.060641560703516006
497;0.9963200092315674;0.0030741384252905846;0.05544491112232208
498;0.9966866374015808;0.002874689642339945;0.05361613258719444
499;0.9966593384742737;0.0028519579209387302;0.05340372771024704
500;0.9967833161354065;0.002768850652500987;0.05261986702680588
501;0.9970757961273193;0.0026736916042864323;0.05170775204896927
502;0.9968888163566589;0.0026526821311563253;0.05150419473648071
503;0.9963518381118774;0.0029389027040451765;0.05421164631843567
504;0.9965385794639587;0.0028941892087459564;0.05379766598343849
505;0.9957624673843384;0.0032439762726426125;0.056955914944410324
506;0.9964693784713745;0.0030509675852954388;0.05523556470870972
507;0.9957749843597412;0.003544048173353076;0.059531908482313156
508;0.9962393641471863;0.0030458702240139246;0.055189404636621475
509;0.9962934255599976;0.0030151670798659325;0.05491053685545921
510;0.9963223934173584;0.0029367879033088684;0.054192136973142624
511;0.9967575073242188;0.0027848193421959877;0.05277138203382492
512;0.9967238903045654;0.002777836751192808;0.05270518735051155
513;0.9963734149932861;0.00300906365737319;0.05485492944717407
514;0.9964627623558044;0.002854900900274515;0.05343127250671387
515;0.9960079789161682;0.0031412376556545496;0.0560467429459095
516;0.9964663982391357;0.002880750922486186;0.05367262288928032
517;0.9960425496101379;0.003131718607619405;0.05596175789833069
518;0.9965593218803406;0.002947759348899126;0.054293274879455566
519;0.996641993522644;0.0028033913113176823;0.05294705554842949
520;0.9966630935668945;0.00288157956674695;0.05368034169077873
521;0.9967136383056641;0.002639907179400325;0.05138002708554268
522;0.9965786933898926;0.0027411303017288446;0.0523558035492897
523;0.9968311786651611;0.0025805896148085594;0.05079950392246246
524;0.9968122243881226;0.002662795828655362;0.051602281630039215
525;0.9968762993812561;0.002743810648098588;0.05238139256834984
526;0.9966859221458435;0.002746851881965995;0.052410416305065155
527;0.9961115121841431;0.0032704833429306746;0.057188138365745544
528;0.9966212511062622;0.0028692472260445356;0.05356535315513611
529;0.9959211349487305;0.0032144710421562195;0.05669630691409111
530;0.9964162707328796;0.0029828709084540606;0.05461566522717476
531;0.9965724945068359;0.0028803066816180944;0.053668487817049026
532;0.9957829117774963;0.003314328147098422;0.0575702004134655
533;0.995911717414856;0.003268604865297675;0.057171717286109924
534;0.9959732890129089;0.003098723478615284;0.055666182190179825
535;0.9966781735420227;0.0027906615287065506;0.05282671004533768
536;0.9964024424552917;0.0028435958083719015;0.05332537367939949
537;0.9964911341667175;0.0030139214359223843;0.054899197071790695
538;0.9965582489967346;0.002823985880240798;0.05314118415117264
539;0.9970690011978149;0.0027386024594306946;0.05233165621757507
540;0.9970917105674744;0.002603833796456456;0.05102777108550072
541;0.9969033598899841;0.002656232099980116;0.05153864994645119
542;0.996737539768219;0.0026935639325529337;0.05189955607056618
543;0.9968609809875488;0.0025916576851159334;0.05090833082795143
544;0.9971115589141846;0.002534337341785431;0.05034220218658447
545;0.9967498183250427;0.0026147030293941498;0.05113416165113449
546;0.9970165491104126;0.002518292050808668;0.050182584673166275
547;0.9969266057014465;0.002651671878993511;0.05149438977241516
548;0.9966323375701904;0.0027802432887256145;0.05272801220417023
549;0.9964749813079834;0.0027423868887126446;0.05236780270934105
550;0.9969633221626282;0.0025807612109929323;0.05080119147896767
551;0.9966771006584167;0.0026579934637993574;0.051555734127759933
552;0.9967920184135437;0.002715695882216096;0.05211234092712402
553;0.9972162842750549;0.0023956054355949163;0.04894492030143738
554;0.9965867400169373;0.0027495729736983776;0.05243637040257454
555;0.9971373677253723;0.0024644380901008844;0.04964311048388481
556;0.9965273141860962;0.0027656222227960825;0.05258918181061745
557;0.9970095157623291;0.002542649395763874;0.050424687564373016
558;0.9969602227210999;0.002456363756209612;0.049561720341444016
559;0.9967691898345947;0.0026611119974404573;0.05158596485853195
560;0.9963573813438416;0.00292036822065711;0.05404043197631836
561;0.9965603947639465;0.00272306427359581;0.052182987332344055
562;0.9965845942497253;0.002665318315848708;0.051626719534397125
563;0.996408224105835;0.0027705749962478876;0.05263625085353851
564;0.9970649480819702;0.0024797385558485985;0.049796972423791885
565;0.9967924356460571;0.0026176574174314737;0.051163043826818466
566;0.9970954656600952;0.0024784535635262728;0.04978406801819801
567;0.9966040849685669;0.0027711859438568354;0.052642058581113815
568;0.9970653653144836;0.002552482532337308;0.0505220927298069
569;0.997316300868988;0.002439113799482584;0.049387384206056595
570;0.9965044260025024;0.002954127499833703;0.054351888597011566
571;0.9964099526405334;0.003047663252800703;0.05520564317703247
572;0.9963744282722473;0.003052100306376815;0.055245816707611084
573;0.9965075850486755;0.002840502420440316;0.05329636111855507
574;0.9962911009788513;0.003049472812563181;0.055222030729055405
575;0.9964383244514465;0.0029108768794685602;0.05395254120230675
576;0.9970118403434753;0.002586602931842208;0.05085865408182144
577;0.9968470335006714;0.0026704848278313875;0.051676731556653976
578;0.9973708987236023;0.002301469212397933;0.0479736290872097
579;0.9970929026603699;0.0024098975118249655;0.049090709537267685
580;0.9973791241645813;0.0023074024356901646;0.048035427927970886
581;0.9973432421684265;0.002245214069262147;0.047383688390254974
582;0.9968352913856506;0.0025071792770177126;0.05007173866033554
583;0.997200071811676;0.002377317054197192;0.04875773936510086
584;0.9969915151596069;0.002511935541406274;0.05011921003460884
585;0.9966500401496887;0.0027751587331295013;0.052679773420095444
586;0.9969150424003601;0.002591626485809684;0.05090801790356636
587;0.9972379803657532;0.0025493656285107136;0.05049124360084534
588;0.9970061779022217;0.0025040286127477884;0.05004027113318443
589;0.997154712677002;0.0024439033586531878;0.049435846507549286
590;0.9971937537193298;0.0023938314989209175;0.04892679303884506
591;0.9970262050628662;0.002396431053057313;0.048953354358673096
592;0.9967140555381775;0.002610341878607869;0.0510915070772171
593;0.9971234202384949;0.0023196949623525143;0.04816321283578873
594;0.9970226883888245;0.0023514525964856148;0.04849177598953247
595;0.9963743090629578;0.0027537706773728132;0.05247638002038002
596;0.9968971610069275;0.0025165441911667585;0.050165168941020966
597;0.9969111084938049;0.002492249710485339;0.049922436475753784
598;0.9967297911643982;0.0025874220300465822;0.050866711884737015
599;0.9971666932106018;0.002256470499560237;0.047502320259809494
600;0.9971213936805725;0.0023559830151498318;0.04853847250342369
601;0.9970309138298035;0.002440586220473051;0.04940229281783104
602;0.9969617128372192;0.002489271340891719;0.049892596900463104
603;0.9973936676979065;0.002313887467607856;0.048102885484695435
604;0.9967096447944641;0.002597344573587179;0.050964146852493286
605;0.9967840909957886;0.0025815058033913374;0.05080851912498474
606;0.9967072010040283;0.002617717022076249;0.05116363242268562
607;0.997001588344574;0.0024752949830144644;0.049752335995435715
608;0.9965295791625977;0.0026100894901901484;0.05108903348445892
609;0.9971043467521667;0.0023653970565646887;0.04863534867763519
610;0.9969095587730408;0.002431159606203437;0.04930678755044937
611;0.9973199963569641;0.002385474741458893;0.048841316252946854
612;0.9971087574958801;0.002321869134902954;0.04818577319383621
613;0.9968199729919434;0.0026112745981663465;0.051100630313158035
614;0.996909499168396;0.0025813530664891005;0.05080702155828476
615;0.9971439838409424;0.002337847603484988;0.04835129156708717
616;0.9971581101417542;0.002380072372034192;0.0487859845161438
617;0.9971123933792114;0.002342913532629609;0.048403654247522354
618;0.9969006180763245;0.0025228506419807673;0.05022798851132393
619;0.9970138669013977;0.0024318343494087458;0.049313634634017944
620;0.9968898892402649;0.0025379997678101063;0.05037856474518776
621;0.996692955493927;0.0025510236155241728;0.05050765722990036
622;0.9968979954719543;0.0025643794797360897;0.05063970386981964
623;0.9968479871749878;0.002578434534370899;0.05077828839421272
624;0.9972048997879028;0.0023539296817034483;0.04851731285452843
625;0.9967854619026184;0.0025285533629357815;0.050284720957279205
626;0.9967043995857239;0.0025548595003783703;0.05054561793804169
627;0.997154712677002;0.002367856213822961;0.04866062477231026
628;0.9971965551376343;0.002279878593981266;0.04774807021021843
629;0.9970685839653015;0.0023569136392325163;0.048548053950071335
630;0.9974983930587769;0.0021391715854406357;0.04625117406249046
631;0.9973942041397095;0.0021551577374339104;0.04642367362976074
632;0.9974494576454163;0.0020693778060376644;0.045490413904190063
633;0.9971368908882141;0.002230261918157339;0.047225646674633026
634;0.9967864751815796;0.002458681119605899;0.04958508908748627
635;0.9965759515762329;0.0026236793491989374;0.05122186243534088
636;0.9968711733818054;0.0025420724414288998;0.05041896924376488
637;0.9973510503768921;0.002255901461467147;0.047496333718299866
638;0.997387170791626;0.002278496976941824;0.047733601182699203
639;0.997577428817749;0.0020547928288578987;0.04532982036471367
640;0.9971009492874146;0.0023571846541017294;0.04855084419250488
641;0.9974052309989929;0.0021765376441180706;0.046653375029563904
642;0.9978069067001343;0.0021055417601019144;0.04588618129491806
643;0.9971400499343872;0.0022999001666903496;0.047957271337509155
644;0.9969190359115601;0.0024586915969848633;0.049585193395614624
645;0.9972175359725952;0.0022634698543697596;0.0475759357213974
646;0.9971441030502319;0.002225282834842801;0.0471729040145874
647;0.9963424801826477;0.0027048680931329727;0.05200834572315216
648;0.996858537197113;0.0025288898032158613;0.050288066267967224
649;0.99699866771698;0.002398053416982293;0.048969924449920654
650;0.9968226552009583;0.0026162134017795324;0.05114893242716789
651;0.9959441423416138;0.0030777836218476295;0.055477771908044815
652;0.9968609809875488;0.0025585556868463755;0.050582170486450195
653;0.9968165159225464;0.0025466333609074354;0.05046417936682701
654;0.9965930581092834;0.002660035388544202;0.05157553404569626
655;0.99683678150177;0.002400763798505068;0.04899758845567703
656;0.9970760941505432;0.0023659011349081993;0.048640526831150055
657;0.9969642758369446;0.002389909466728568;0.04888669401407242
658;0.9964835047721863;0.0026227878406643867;0.051213156431913376
659;0.9968041181564331;0.002596746664494276;0.05095828324556351
660;0.9973610043525696;0.0022255275398492813;0.04717550054192543
661;0.9971675276756287;0.0023858901113271713;0.048845574259757996
662;0.9972457885742188;0.0023584456648677588;0.04856383055448532
663;0.996968686580658;0.002400117926299572;0.04899100214242935
664;0.9971153140068054;0.0023508325684815645;0.04848538339138031
665;0.9975956678390503;0.0020953970961272717;0.045775506645441055
666;0.9966566562652588;0.002541460795328021;0.05041290074586868
667;0.9968426823616028;0.002569886390119791;0.050694048404693604
668;0.9975150227546692;0.0020767557434737682;0.04557143524289131
669;0.9974073767662048;0.002165610436350107;0.046536121517419815
670;0.9972948431968689;0.0022644060663878918;0.047585777938365936
671;0.9972307085990906;0.0022594889160245657;0.04753408208489418
672;0.99724280834198;0.002174514578655362;0.04663169011473656
673;0.9963502287864685;0.0026683283504098654;0.05165586620569229
674;0.9973441362380981;0.002277615014463663;0.047724366188049316
675;0.9970273971557617;0.002524938667193055;0.05024876818060875
676;0.9970090389251709;0.002373785013332963;0.04872150719165802
677;0.9971016049385071;0.0023626042529940605;0.04860662668943405
678;0.9969868063926697;0.0024843805003911257;0.04984355717897415
679;0.9970450401306152;0.0023821908980607986;0.04880768805742264
680;0.99739670753479;0.0021523451432585716;0.04639337584376335
681;0.9971074461936951;0.002258667256683111;0.04752543568611145
682;0.9969658851623535;0.002329682931303978;0.048266783356666565
683;0.9969258904457092;0.002546189585700631;0.05045977979898453
684;0.9970695376396179;0.0023902871180325747;0.04889055714011192
685;0.9972964525222778;0.0022759169805794954;0.04770657420158386
686;0.9972031116485596;0.002351802308112383;0.04849538207054138
687;0.9971579313278198;0.0022434236016124487;0.04736478999257088
688;0.9975038766860962;0.00202661519870162;0.045017942786216736
689;0.997631311416626;0.001999663421884179;0.04471759498119354
690;0.9976094365119934;0.002065048785880208;0.04544281214475632
691;0.9977392554283142;0.001982813235372305;0.044528789818286896
692;0.9974445700645447;0.002139092655852437;0.046250320971012115
693;0.9977560639381409;0.0018684447277337313;0.04322550818324089
694;0.9968498349189758;0.0024065671022981405;0.049056775867938995
695;0.9969696402549744;0.00233746157027781;0.04834730178117752
696;0.9971086382865906;0.00229835812933743;0.047941192984580994
697;0.9972971081733704;0.0022218634840101004;0.04713664576411247
698;0.9973092079162598;0.002206176985055208;0.046969957649707794
699;0.9973726868629456;0.0021438742987811565;0.04630199074745178
700;0.9973636865615845;0.002136250725015998;0.0462195910513401
701;0.9970949292182922;0.0022777379490435123;0.047725651413202286
702;0.997447669506073;0.002158263698220253;0.046457115560770035
703;0.9974511861801147;0.0021596308797597885;0.04647183418273926
704;0.9977995157241821;0.0018914780812337995;0.04349112883210182
705;0.9976447820663452;0.001968763303011656;0.04437074810266495
706;0.9976664185523987;0.002002572175115347;0.04475010931491852
707;0.9975276589393616;0.0020849870052188635;0.04566165432333946
708;0.9969913959503174;0.0022676161024719477;0.04761948809027672
709;0.9975745677947998;0.002075883327051997;0.04556186497211456
710;0.997547447681427;0.002040277002379298;0.04516942426562309
711;0.997538685798645;0.002039783401414752;0.04516396299004555
712;0.9978360533714294;0.001876460388302803;0.04331812635064125
713;0.9976934194564819;0.001920814742334187;0.04382710158824921
714;0.9977652430534363;0.0019496155437082052;0.04415445402264595
715;0.9976474642753601;0.0019520714413374662;0.04418225213885307
716;0.9971777200698853;0.0022138389758765697;0.04705144837498665
717;0.9970287680625916;0.0023932766634970903;0.0489211268723011
718;0.9975333213806152;0.0021166177466511726;0.0460067093372345
719;0.9974998235702515;0.0020918308291584253;0.045736540108919144
720;0.9971911907196045;0.002392526948824525;0.048913463950157166
721;0.9972336888313293;0.0021304225083440542;0.04615649953484535
722;0.9977040886878967;0.0019413091940805316;0.04406028985977173
723;0.9976468086242676;0.001939097186550498;0.044035185128450394
724;0.9974478483200073;0.0020191778894513845;0.04493526369333267
725;0.9977023005485535;0.001946257776580751;0.04411641135811806
726;0.997658908367157;0.0019759158603847027;0.0444512739777565
727;0.9972192645072937;0.0021440936252474785;0.046304356306791306
728;0.9972386360168457;0.0021450493950396776;0.04631467163562775
729;0.9974377155303955;0.0020492381881922483;0.04526851326227188
730;0.9974579215049744;0.001940327463671565;0.04404914751648903
731;0.9976096749305725;0.0020017006900161505;0.04474036768078804
732;0.9972809553146362;0.0022496646270155907;0.04743063449859619
733;0.9969700574874878;0.0022834574338048697;0.04778553545475006
734;0.9971500039100647;0.0022629343438893557;0.04757031053304672
735;0.9970579743385315;0.00220446172170341;0.046951692551374435
736;0.997590959072113;0.001974979881197214;0.044440750032663345
737;0.9972928166389465;0.0020309851970523596;0.04506644979119301
738;0.9975850582122803;0.0019469780381768942;0.04412457346916199
739;0.9975467920303345;0.0019992515444755554;0.04471299424767494
740;0.9973757863044739;0.0020332823041826487;0.04509193077683449
741;0.9978188872337341;0.001842393190599978;0.04292311146855354
742;0.9978294968605042;0.0017917852383106947;0.04232948273420334
743;0.9978247880935669;0.0017502312548458576;0.041835762560367584
744;0.9974929690361023;0.0019138716161251068;0.04374781623482704
745;0.9974846243858337;0.0020071191247552633;0.044800885021686554
746;0.9969794154167175;0.0023943649139255285;0.04893224313855171
747;0.9970435500144958;0.002348843263462186;0.04846486821770668
748;0.9969908595085144;0.002350142225623131;0.04847826436161995
749;0.9975170493125916;0.001964516006410122;0.04432285949587822
750;0.9975986480712891;0.0019557937048375607;0.04422435164451599
751;0.9972871541976929;0.0020714064594358206;0.04551270604133606
752;0.9971633553504944;0.0021134375128895044;0.04597213864326477
753;0.9973589777946472;0.0020426148548722267;0.04519529640674591
754;0.9975267052650452;0.002047577640041709;0.045250166207551956
755;0.9976087212562561;0.0019610587041825056;0.04428383708000183
756;0.9976275563240051;0.001972036436200142;0.044407617300748825
757;0.9974544048309326;0.001929688616655767;0.04392822086811066
758;0.9978161454200745;0.0018736186902970076;0.0432853177189827
759;0.9979621767997742;0.0017121335258707404;0.04137793555855751
760;0.9983368515968323;0.0014709723182022572;0.03835325315594673
761;0.9980524182319641;0.0016418742015957832;0.04052004963159561
762;0.9978696703910828;0.0017068319721147418;0.04131382331252098
763;0.9974644780158997;0.0019463349599391222;0.044117286801338196
764;0.9975298047065735;0.0020215243566781282;0.044961366802453995
765;0.9979651570320129;0.0018425330054014921;0.04292473569512367
766;0.997832715511322;0.0018296486232429743;0.04277439042925835
767;0.9976360201835632;0.0019321476574987173;0.043956197798252106
768;0.9976680278778076;0.001952777267433703;0.044190239161252975
769;0.9974668025970459;0.0019908754620701075;0.04461922496557236
770;0.997500479221344;0.0020234426483511925;0.04498269036412239
771;0.9970782399177551;0.002284402959048748;0.047795429825782776
772;0.9967033267021179;0.002381704282015562;0.048802703619003296
773;0.9973320364952087;0.0020733510609716177;0.04553406685590744
774;0.9974156618118286;0.0021413222420960665;0.046274419873952866
775;0.9975857138633728;0.0019101228099316359;0.04370494931936264
776;0.9978254437446594;0.001842671656049788;0.042926348745822906
777;0.997649073600769;0.0018315009074285626;0.04279603809118271
778;0.9979702234268188;0.0017225282499566674;0.04150335118174553
779;0.9976076483726501;0.001894975546747446;0.04353130981326103
780;0.9976509213447571;0.0018893254455178976;0.04346637800335884
781;0.9977430105209351;0.0018373326165601611;0.0428641177713871
782;0.997505784034729;0.001993384212255478;0.044647328555583954
783;0.9976562261581421;0.0018701701192185283;0.04324546456336975
784;0.997479259967804;0.001969641074538231;0.044380635023117065
785;0.997465193271637;0.00201332732103765;0.04487011581659317
786;0.9968874454498291;0.0023264046758413315;0.04823280870914459
787;0.9975388050079346;0.0020133520010858774;0.04487038776278496
788;0.997825026512146;0.0019201545510441065;0.04381956905126572
789;0.9975578188896179;0.002040518680587411;0.04517210274934769
790;0.997597873210907;0.0018865480087697506;0.04343441128730774
791;0.9979162216186523;0.0017502880655229092;0.0418364442884922
792;0.9977476000785828;0.0018547147046774626;0.04306640103459358
793;0.9976842999458313;0.001851159380748868;0.04302510246634483
794;0.9978340864181519;0.0018761391984298825;0.04331442341208458
795;0.997428297996521;0.0020760430488735437;0.04556361585855484
796;0.9979013800621033;0.0017243718029931188;0.04152555391192436
797;0.9979745745658875;0.0016946477117016912;0.04116610065102577
798;0.9977226257324219;0.0018627084791660309;0.04315910488367081
799;0.9978696703910828;0.0018575721187517047;0.04309955984354019
800;0.9980221390724182;0.0017454365734010935;0.04177841916680336
801;0.9978109002113342;0.0018918899586424232;0.04349586367607117
802;0.9978654980659485;0.0018003556178882718;0.04243059828877449
803;0.9977592825889587;0.0018265197286382318;0.042737800627946854
804;0.9979058504104614;0.001787210931070149;0.04227541759610176
805;0.9973936080932617;0.0020304806530475616;0.04506085440516472
806;0.9978571534156799;0.0018000525888055563;0.042427025735378265
807;0.9978071451187134;0.0018588998354971409;0.04311496019363403
808;0.9977794885635376;0.001751995412632823;0.04185684397816658
809;0.9976449012756348;0.001868957537226379;0.04323144257068634
810;0.9975541830062866;0.0019267097814008594;0.04389430209994316
811;0.9973414540290833;0.0020114260260015726;0.04484892636537552
812;0.9976747632026672;0.0018892341759055853;0.04346532002091408
813;0.9976833462715149;0.0018282203236594796;0.04275769367814064
814;0.9978028535842896;0.001801691367290914;0.04244633764028549
815;0.9979391694068909;0.0017357324250042439;0.041662123054265976
816;0.9976168274879456;0.0018980869790539145;0.04356703907251358
817;0.9974374771118164;0.0020310289692133665;0.04506693780422211
818;0.997622549533844;0.0018300653900951147;0.042779263108968735
819;0.9977730512619019;0.0017895048949867487;0.042302537709474564
820;0.9976922273635864;0.0018605050863698125;0.04313357174396515
821;0.9978920221328735;0.0018023678567260504;0.042454302310943604
822;0.9978041052818298;0.0019238546956330538;0.04386176913976669
823;0.9976946711540222;0.0019523008959367871;0.0441848523914814
824;0.9968497157096863;0.002353276126086712;0.04851057752966881
825;0.996814489364624;0.002290027216076851;0.0478542298078537
826;0.9974127411842346;0.0021044518798589706;0.045874305069446564
827;0.9975162148475647;0.001947917160578072;0.044135212898254395
828;0.9975821375846863;0.0020361668430268764;0.045123904943466187
829;0.9975881576538086;0.0019410565728321671;0.04405742138624191
830;0.9977403283119202;0.0018741461681202054;0.04329141229391098
831;0.9977049827575684;0.001957269851118326;0.0442410446703434
832;0.9977215528488159;0.0018075230764225125;0.042514972388744354
833;0.9976673722267151;0.001844144775532186;0.04294350743293762
834;0.9977059364318848;0.0018460758728906512;0.04296598583459854
835;0.9972258806228638;0.0020610715728253126;0.045399028807878494
836;0.9976334571838379;0.0018983215559273958;0.04356972873210907
837;0.9976857900619507;0.0018715615151450038;0.04326155036687851
838;0.9974260330200195;0.0021987035870552063;0.04689033329486847
839;0.9971235394477844;0.002134340349584818;0.046198923140764236
840;0.9971239566802979;0.0021101224701851606;0.045936066657304764
841;0.9972025752067566;0.002128354739397764;0.0461340993642807
842;0.9976869821548462;0.0018600481562316418;0.043128274381160736
843;0.9974709153175354;0.001973555190488696;0.04442471265792847
844;0.9980287551879883;0.0016337849665433168;0.040420107543468475
845;0.9979272484779358;0.0016731932992115617;0.040904685854911804
846;0.9979158043861389;0.0016589113511145115;0.04072973132133484
847;0.9977505803108215;0.0018727305578067899;0.04327505826950073
848;0.997962474822998;0.001681432593613863;0.041005272418260574
849;0.9977132081985474;0.0018048929050564766;0.04248403012752533
850;0.9975495934486389;0.0019129045540466905;0.043736763298511505
851;0.9975853562355042;0.001845712773501873;0.04296175763010979
852;0.9980630278587341;0.001575674396008253;0.03969476372003555
853;0.9977356195449829;0.0018211554270237684;0.04267499968409538
854;0.9979426860809326;0.001670617377385497;0.04087318852543831
855;0.997975766658783;0.001694121048785746;0.041159700602293015
856;0.998018205165863;0.0016059604240581393;0.040074434131383896
857;0.9980597496032715;0.0015535246348008513;0.03941477835178375
858;0.9976804256439209;0.0018183987122029066;0.042642686516046524
859;0.9976348280906677;0.0018768111476674676;0.04332217946648598
860;0.9979581236839294;0.0017186704790219665;0.04145684838294983
861;0.9979816675186157;0.001672003767453134;0.04089014232158661
862;0.998168408870697;0.001585290301591158;0.03981570526957512
863;0.9981825351715088;0.0015673660673201084;0.03958997502923012
864;0.9972167015075684;0.002060451079159975;0.04539219290018082
865;0.997527003288269;0.0018514205003157258;0.04302813485264778
866;0.9978368878364563;0.0017771422863006592;0.0421561673283577
867;0.997291624546051;0.0021375291980803013;0.046233419328927994
868;0.9974420666694641;0.0020687775686383247;0.04548381268978119
869;0.997765064239502;0.0018701179651543498;0.0432448573410511
870;0.9975703954696655;0.0019731642678380013;0.044420309364795685
871;0.9972902536392212;0.0021836638916283846;0.046729691326618195
872;0.9977927803993225;0.0018370512407273054;0.042860835790634155
873;0.9978163242340088;0.0017914705676957965;0.04232577234506607
874;0.9976015090942383;0.0018980178283527493;0.04356624558568001
875;0.99800705909729;0.001608623773790896;0.04010765254497528
876;0.9977652430534363;0.0017598462291061878;0.041950520128011703
877;0.9979261755943298;0.0017116611124947667;0.04137222841382027
878;0.9975813031196594;0.0020635256078094244;0.04542604461312294
879;0.99723219871521;0.00216600950807333;0.046540409326553345
880;0.9970205426216125;0.002168764593079686;0.04656999558210373
881;0.9976971745491028;0.0018900604918599129;0.04347482696175575
882;0.9979734420776367;0.0015784624265506864;0.03972987085580826
883;0.997744619846344;0.0018424169393256307;0.04292338341474533
884;0.9977282881736755;0.0017739140894263983;0.04211786016821861
885;0.9969018697738647;0.00224549719132483;0.04738667979836464
886;0.9970537424087524;0.0021706202533096075;0.046589914709329605
887;0.997515857219696;0.001882712822407484;0.04339023679494858
888;0.9976773262023926;0.0018247361294925213;0.04271692782640457
889;0.9977793097496033;0.0017648496432229877;0.0420101173222065
890;0.9974024891853333;0.001972346333786845;0.044411104172468185
891;0.9975618124008179;0.0018868009792640805;0.043437324464321136
892;0.9978432059288025;0.0018194637959823012;0.04265517368912697
893;0.9977298378944397;0.0017616855911910534;0.041972436010837555
894;0.9980103373527527;0.0016681887209415436;0.04084346443414688
895;0.9977856874465942;0.0017009616130962968;0.04124271497130394
896;0.9978813529014587;0.0017221535090357065;0.04149883612990379
897;0.9970947504043579;0.0021449022460728884;0.0463130883872509
898;0.99713134765625;0.0020589816849678755;0.0453759990632534
899;0.9978407621383667;0.0016473609721288085;0.04058769345283508
900;0.9978119134902954;0.0017332150600850582;0.041631899774074554
901;0.9980934262275696;0.0016586965648457408;0.040727097541093826
902;0.9980608820915222;0.0016969676362350583;0.041194263845682144
903;0.9978023171424866;0.0018130054231733084;0.04257940500974655
904;0.9977502822875977;0.001776060787960887;0.042143333703279495
905;0.9978488683700562;0.0018059001304209232;0.042495884001255035
906;0.9976511001586914;0.0018377355299890041;0.04286881536245346
907;0.9973905682563782;0.0019510546699166298;0.044170744717121124
908;0.9975013136863708;0.0019430594984441996;0.04408014565706253
909;0.9977543354034424;0.0018179715843871236;0.04263767600059509
910;0.9977486729621887;0.0017277671722695231;0.04156641662120819
911;0.9977981448173523;0.0016693869838491082;0.040858130902051926
912;0.9978457689285278;0.0017406657570973039;0.04172128438949585
913;0.9973915219306946;0.0020483960397541523;0.04525920748710632
914;0.9975420832633972;0.0018593850545585155;0.04312058910727501
915;0.9978558421134949;0.0017544202273711562;0.041885796934366226
916;0.9979269504547119;0.0016841115429997444;0.04103792831301689
917;0.9981256723403931;0.0015837176470085979;0.039795950055122375
918;0.9981606006622314;0.0015608591493219137;0.03950770944356918
919;0.9981686472892761;0.0014933000784367323;0.0386432446539402
920;0.9980726838111877;0.0016358382999897003;0.04044549912214279
921;0.99796462059021;0.0017020759405568242;0.04125622287392616
922;0.9979543685913086;0.0016651696059852839;0.04080648720264435
923;0.9980465769767761;0.0016628507291898131;0.040778063237667084
924;0.9978721141815186;0.0017906350549310446;0.04231589660048485
925;0.9979144334793091;0.001739896135404706;0.04171206057071686
926;0.9972915649414062;0.002088947454467416;0.045705001801252365
927;0.9972646832466125;0.0021721331868320704;0.046606145799160004
928;0.9975805282592773;0.0019555247854441404;0.044221311807632446
929;0.9978159070014954;0.001806948333978653;0.04250821843743324
930;0.9977566003799438;0.0017728088423609734;0.04210473224520683
931;0.9975717663764954;0.0018515529809519649;0.043029673397541046
932;0.9981434345245361;0.0015325798885896802;0.039148177951574326
933;0.998191237449646;0.0015110286185517907;0.038871947675943375
934;0.9980906844139099;0.001527904998511076;0.039088424295186996
935;0.997802734375;0.0017430258449167013;0.041749559342861176
936;0.9978579878807068;0.0016418383456766605;0.040519602596759796
937;0.997556209564209;0.0018325764685869217;0.042808596044778824
938;0.9979750514030457;0.001651280210353434;0.04063594341278076
939;0.9979090690612793;0.0017010733718052506;0.04124407097697258
940;0.9978374242782593;0.0017842918168753386;0.04224087670445442
941;0.997936487197876;0.001672451151534915;0.04089561104774475
942;0.9980323910713196;0.001684388262219727;0.0410412959754467
943;0.9981750249862671;0.0014912467449903488;0.038616664707660675
944;0.9981703162193298;0.0014351095305755734;0.03788284212350845
945;0.9982079267501831;0.0013785872142761946;0.03712933138012886
946;0.9984051585197449;0.0013340007280930877;0.0365239754319191
947;0.9982665777206421;0.0013839206658303738;0.037201087921857834
948;0.9981696009635925;0.0015566573711112142;0.03945449739694595
949;0.9981026649475098;0.0016565470723435283;0.040700700134038925
950;0.9978590607643127;0.0017405585385859013;0.04171999916434288
951;0.9976571202278137;0.0018063182942569256;0.042500801384449005
952;0.9979640245437622;0.0016903489595279098;0.04111385717988014
953;0.9982415437698364;0.0014661585446447134;0.03829044848680496
954;0.9983501434326172;0.0014419971266761422;0.037973638623952866
955;0.9982830882072449;0.0014032324543222785;0.03745974600315094
956;0.9981702566146851;0.0014346110401675105;0.03787625581026077
957;0.9981522560119629;0.0015643913066014647;0.03955238685011864
958;0.9979261159896851;0.0016462847124785185;0.04057443141937256
959;0.9982410073280334;0.0014332261634990573;0.03785797208547592
960;0.998036801815033;0.0016157678328454494;0.04019661620259285
961;0.997965395450592;0.0016365580959245563;0.04045439511537552
962;0.9980462193489075;0.0015390429180115461;0.03923063725233078
963;0.9981323480606079;0.001557301846332848;0.03946266695857048
964;0.9978887438774109;0.0016673895297572017;0.04083367809653282
965;0.9981945157051086;0.0015740516828373075;0.039674319326877594
966;0.9979273676872253;0.0016887238016352057;0.041094083338975906
967;0.998380184173584;0.0014236154966056347;0.037730831652879715
968;0.9979526400566101;0.0017408303683623672;0.041723258793354034
969;0.9979813694953918;0.0017209943616762757;0.04148487001657486
970;0.99788498878479;0.001678187632933259;0.04096568748354912
971;0.9977015256881714;0.0018792602932080626;0.04335043579339981
972;0.9974719882011414;0.0019013765268027782;0.0436047725379467
973;0.9980816841125488;0.0016209866153076291;0.04026147723197937
974;0.997873842716217;0.0017299982719123363;0.04159324988722801
975;0.9979604482650757;0.0016762356972321868;0.04094185680150986
976;0.9980538487434387;0.0016118817729875445;0.04014824703335762
977;0.9982797503471375;0.0014390386641025543;0.03793466091156006
978;0.9981840252876282;0.0015468931524083018;0.039330560714006424
979;0.9978451132774353;0.0017626878106966615;0.04198437184095383
980;0.9977618455886841;0.0017924226121976972;0.04233701154589653
981;0.9981674551963806;0.0015633678995072842;0.03953944519162178
982;0.9979900121688843;0.0016748454654589295;0.04092487320303917
983;0.9979146122932434;0.0016274943482130766;0.040342215448617935
984;0.9980716109275818;0.001493413234129548;0.0386447012424469
985;0.9980666041374207;0.0015360681572929025;0.03919270262122154
986;0.9974535703659058;0.0019123783567920327;0.04373075067996979
987;0.9978879690170288;0.00163845659699291;0.040477853268384933
988;0.9977203607559204;0.0018161394400522113;0.042616184800863266
989;0.9979704022407532;0.001702941837720573;0.04126671701669693
990;0.9980157017707825;0.0016512875445187092;0.04063603654503822
991;0.9981947541236877;0.0015346105210483074;0.03917410969734192
992;0.9981542825698853;0.0015284891705960035;0.03909589350223541
993;0.9982149600982666;0.001427014241926372;0.03777584061026573
994;0.9980448484420776;0.001586438505910337;0.03983012214303017
995;0.9982503056526184;0.0014568346086889505;0.03816850110888481
996;0.9980344772338867;0.0016111256554722786;0.04013882577419281
997;0.9982360601425171;0.0014894289197400212;0.038593120872974396
998;0.9981942176818848;0.0015214149607345462;0.03900532051920891
999;0.9980150461196899;0.0015943226171657443;0.039928968995809555
